<?xml version="1.0" encoding="UTF-8"?>
<product name="com.mutablelogic.pgschema.base" version="1">
	<comment>
		Provides product and serial number services for all postgresql-kit
		functionality, see https://github.com/djthorpe/postgresql-kit/wiki
		for more information.
	</comment>
	<create>
		<create-table name="t_product" schema="$_sysschema_$">
			product CHAR(80) NOT NULL,
			schema  CHAR(80) NOT NULL,
			version INTEGER NOT NULL,
			comment VARCHAR(200),
			stamp   TIMESTAMP NOT NULL,
			PRIMARY KEY (product,version)
		</create-table>
		<create-table name="t_serial" schema="$_sysschema_$">
			schema       CHAR(80) NOT NULL,
			class        CHAR(32) NOT NULL,
			serial       INTEGER NOT NULL DEFAULT 0,
			PRIMARY KEY (class),
			CONSTRAINT CHECK (CHAR_LENGTH(class) > 0),
			CONSTRAINT CHECK (serial > 0)
		</create-table>
	</create>
	<drop>
		<drop-table name="t_product" schema="$_sysschema_$"/>
		<drop-table name="t_serial" schema="$_sysschema_$"/>
	</drop>
</product>
